city,average
Irvine,95.17561468812877
Miami,197.22998995983937
New York City,112.20109210526316
Orlando,144.546093373494
Philadelphia,87.6624290429043
Pittsburgh,170.1431388888889
Tampa,109.1024124386252
